device,dtype,dist,levy_alpha,dim,size,algo,iter,sample_id,batch_time_ms,batch_time_ms_std,sample_time_ms,sample_time_ms_std,orthogonality_error,polar_error
cuda:0 (NVIDIA L40S),bfloat16,levy,1.5,"(64, 64)",64,Muon,1,0,0.10552001185715199,0.008515860172249697,0.026380002964287996,0.0021289650430624243,0.9431374073028564,0.8403282761573792
cuda:0 (NVIDIA L40S),bfloat16,levy,1.5,"(64, 64)",64,Muon,1,1,0.10552001185715199,0.008515860172249697,0.026380002964287996,0.0021289650430624243,0.9252464771270752,0.809434175491333
cuda:0 (NVIDIA L40S),bfloat16,levy,1.5,"(64, 64)",64,Muon,1,2,0.10552001185715199,0.008515860172249697,0.026380002964287996,0.0021289650430624243,0.8847438097000122,0.7412850260734558
cuda:0 (NVIDIA L40S),bfloat16,levy,1.5,"(64, 64)",64,Muon,1,3,0.10552001185715199,0.008515860172249697,0.026380002964287996,0.0021289650430624243,0.8951206803321838,0.7646642327308655
cuda:0 (NVIDIA L40S),bfloat16,levy,1.5,"(64, 64)",64,Muon,2,0,0.13340753503143787,0.007704041243692626,0.03335188375785947,0.0019260103109231565,0.7687749266624451,0.619734525680542
cuda:0 (NVIDIA L40S),bfloat16,levy,1.5,"(64, 64)",64,Muon,2,1,0.13340753503143787,0.007704041243692626,0.03335188375785947,0.0019260103109231565,0.715397298336029,0.5687749981880188
cuda:0 (NVIDIA L40S),bfloat16,levy,1.5,"(64, 64)",64,Muon,2,2,0.13340753503143787,0.007704041243692626,0.03335188375785947,0.0019260103109231565,0.6174582242965698,0.4737982153892517
cuda:0 (NVIDIA L40S),bfloat16,levy,1.5,"(64, 64)",64,Muon,2,3,0.13340753503143787,0.007704041243692626,0.03335188375785947,0.0019260103109231565,0.6524890065193176,0.5086652040481567
cuda:0 (NVIDIA L40S),bfloat16,levy,1.5,"(64, 64)",64,Muon,3,0,0.16552256420254707,0.006271152524208305,0.04138064105063677,0.0015677881310520762,0.518490731716156,0.37703731656074524
cuda:0 (NVIDIA L40S),bfloat16,levy,1.5,"(64, 64)",64,Muon,3,1,0.16552256420254707,0.006271152524208305,0.04138064105063677,0.0015677881310520762,0.4962071478366852,0.35328036546707153
cuda:0 (NVIDIA L40S),bfloat16,levy,1.5,"(64, 64)",64,Muon,3,2,0.16552256420254707,0.006271152524208305,0.04138064105063677,0.0015677881310520762,0.444428414106369,0.30482205748558044
cuda:0 (NVIDIA L40S),bfloat16,levy,1.5,"(64, 64)",64,Muon,3,3,0.16552256420254707,0.006271152524208305,0.04138064105063677,0.0015677881310520762,0.4691634774208069,0.3295745253562927
cuda:0 (NVIDIA L40S),bfloat16,levy,1.5,"(64, 64)",64,Muon,4,0,0.19535742467269301,0.006183627331008822,0.048839356168173254,0.0015459068327522054,0.4131401777267456,0.2632482945919037
cuda:0 (NVIDIA L40S),bfloat16,levy,1.5,"(64, 64)",64,Muon,4,1,0.19535742467269301,0.006183627331008822,0.048839356168173254,0.0015459068327522054,0.38819700479507446,0.2514726221561432
cuda:0 (NVIDIA L40S),bfloat16,levy,1.5,"(64, 64)",64,Muon,4,2,0.19535742467269301,0.006183627331008822,0.048839356168173254,0.0015459068327522054,0.37042006850242615,0.2292194962501526
cuda:0 (NVIDIA L40S),bfloat16,levy,1.5,"(64, 64)",64,Muon,4,3,0.19535742467269301,0.006183627331008822,0.048839356168173254,0.0015459068327522054,0.3744261860847473,0.23977118730545044
cuda:0 (NVIDIA L40S),bfloat16,levy,1.5,"(64, 64)",64,Muon,5,0,0.22879504831507802,0.008695651422359785,0.057198762078769505,0.002173912855589946,0.3337998390197754,0.20377227663993835
cuda:0 (NVIDIA L40S),bfloat16,levy,1.5,"(64, 64)",64,Muon,5,1,0.22879504831507802,0.008695651422359785,0.057198762078769505,0.002173912855589946,0.3640100359916687,0.21523375809192657
cuda:0 (NVIDIA L40S),bfloat16,levy,1.5,"(64, 64)",64,Muon,5,2,0.22879504831507802,0.008695651422359785,0.057198762078769505,0.002173912855589946,0.34690994024276733,0.2005845010280609
cuda:0 (NVIDIA L40S),bfloat16,levy,1.5,"(64, 64)",64,Muon,5,3,0.22879504831507802,0.008695651422359785,0.057198762078769505,0.002173912855589946,0.34784212708473206,0.22051797807216644
cuda:0 (NVIDIA L40S),bfloat16,levy,1.5,"(64, 64)",64,Dion,1,0,0.10335951810702682,0.006479162862223401,0.025839879526756704,0.0016197907155558503,0.9531366229057312,0.8625887632369995
cuda:0 (NVIDIA L40S),bfloat16,levy,1.5,"(64, 64)",64,Dion,1,1,0.10335951810702682,0.006479162862223401,0.025839879526756704,0.0016197907155558503,0.9433656930923462,0.8371674418449402
cuda:0 (NVIDIA L40S),bfloat16,levy,1.5,"(64, 64)",64,Dion,1,2,0.10335951810702682,0.006479162862223401,0.025839879526756704,0.0016197907155558503,0.9128457307815552,0.7784645557403564
cuda:0 (NVIDIA L40S),bfloat16,levy,1.5,"(64, 64)",64,Dion,1,3,0.10335951810702682,0.006479162862223401,0.025839879526756704,0.0016197907155558503,0.9200171828269958,0.7977937459945679
cuda:0 (NVIDIA L40S),bfloat16,levy,1.5,"(64, 64)",64,Dion,2,0,0.1342249452136457,0.01103543268938149,0.033556236303411424,0.0027588581723453727,0.8397335410118103,0.6976458430290222
cuda:0 (NVIDIA L40S),bfloat16,levy,1.5,"(64, 64)",64,Dion,2,1,0.1342249452136457,0.01103543268938149,0.033556236303411424,0.0027588581723453727,0.79668790102005,0.6504075527191162
cuda:0 (NVIDIA L40S),bfloat16,levy,1.5,"(64, 64)",64,Dion,2,2,0.1342249452136457,0.01103543268938149,0.033556236303411424,0.0027588581723453727,0.6915415525436401,0.5499042272567749
cuda:0 (NVIDIA L40S),bfloat16,levy,1.5,"(64, 64)",64,Dion,2,3,0.1342249452136457,0.01103543268938149,0.033556236303411424,0.0027588581723453727,0.7370108366012573,0.5906774997711182
cuda:0 (NVIDIA L40S),bfloat16,levy,1.5,"(64, 64)",64,Dion,3,0,0.157332222443074,0.010508361199837373,0.0393330556107685,0.0026270902999593433,0.5420879125595093,0.4164886474609375
cuda:0 (NVIDIA L40S),bfloat16,levy,1.5,"(64, 64)",64,Dion,3,1,0.157332222443074,0.010508361199837373,0.0393330556107685,0.0026270902999593433,0.49091586470603943,0.37617531418800354
cuda:0 (NVIDIA L40S),bfloat16,levy,1.5,"(64, 64)",64,Dion,3,2,0.157332222443074,0.010508361199837373,0.0393330556107685,0.0026270902999593433,0.40607377886772156,0.307346373796463
cuda:0 (NVIDIA L40S),bfloat16,levy,1.5,"(64, 64)",64,Dion,3,3,0.157332222443074,0.010508361199837373,0.0393330556107685,0.0026270902999593433,0.4319078028202057,0.3324190378189087
cuda:0 (NVIDIA L40S),bfloat16,levy,1.5,"(64, 64)",64,Dion,4,0,0.18416246166452765,0.006274663841380444,0.046040615416131914,0.001568665960345111,0.2852288782596588,0.20978040993213654
cuda:0 (NVIDIA L40S),bfloat16,levy,1.5,"(64, 64)",64,Dion,4,1,0.18416246166452765,0.006274663841380444,0.046040615416131914,0.001568665960345111,0.25699758529663086,0.1968398094177246
cuda:0 (NVIDIA L40S),bfloat16,levy,1.5,"(64, 64)",64,Dion,4,2,0.18416246166452765,0.006274663841380444,0.046040615416131914,0.001568665960345111,0.20487050712108612,0.15413546562194824
cuda:0 (NVIDIA L40S),bfloat16,levy,1.5,"(64, 64)",64,Dion,4,3,0.18416246166452765,0.006274663841380444,0.046040615416131914,0.001568665960345111,0.23483505845069885,0.18117575347423553
cuda:0 (NVIDIA L40S),bfloat16,levy,1.5,"(64, 64)",64,Dion,5,0,0.2090999623760581,0.008164361944511757,0.052274990594014525,0.0020410904861279393,0.14411409199237823,0.11513753980398178
cuda:0 (NVIDIA L40S),bfloat16,levy,1.5,"(64, 64)",64,Dion,5,1,0.2090999623760581,0.008164361944511757,0.052274990594014525,0.0020410904861279393,0.13887009024620056,0.09901196509599686
cuda:0 (NVIDIA L40S),bfloat16,levy,1.5,"(64, 64)",64,Dion,5,2,0.2090999623760581,0.008164361944511757,0.052274990594014525,0.0020410904861279393,0.10031494498252869,0.06575489789247513
cuda:0 (NVIDIA L40S),bfloat16,levy,1.5,"(64, 64)",64,Dion,5,3,0.2090999623760581,0.008164361944511757,0.052274990594014525,0.0020410904861279393,0.1365094780921936,0.12533806264400482
cuda:0 (NVIDIA L40S),bfloat16,levy,1.5,"(64, 64)",64,AOLxDion,1,0,0.08341716602444649,0.008704984808570335,0.020854291506111622,0.0021762462021425837,0.6417461633682251,0.508654773235321
cuda:0 (NVIDIA L40S),bfloat16,levy,1.5,"(64, 64)",64,AOLxDion,1,1,0.08341716602444649,0.008704984808570335,0.020854291506111622,0.0021762462021425837,0.625922679901123,0.4967408776283264
cuda:0 (NVIDIA L40S),bfloat16,levy,1.5,"(64, 64)",64,AOLxDion,1,2,0.08341716602444649,0.008704984808570335,0.020854291506111622,0.0021762462021425837,0.6006304621696472,0.47258979082107544
cuda:0 (NVIDIA L40S),bfloat16,levy,1.5,"(64, 64)",64,AOLxDion,1,3,0.08341716602444649,0.008704984808570335,0.020854291506111622,0.0021762462021425837,0.6218414306640625,0.49090978503227234
cuda:0 (NVIDIA L40S),bfloat16,levy,1.5,"(64, 64)",64,AOLxDion,2,0,0.1065076794475317,0.006058600606347471,0.026626919861882925,0.0015146501515868678,0.4091123044490814,0.3189455568790436
cuda:0 (NVIDIA L40S),bfloat16,levy,1.5,"(64, 64)",64,AOLxDion,2,1,0.1065076794475317,0.006058600606347471,0.026626919861882925,0.0015146501515868678,0.3993278741836548,0.31624916195869446
cuda:0 (NVIDIA L40S),bfloat16,levy,1.5,"(64, 64)",64,AOLxDion,2,2,0.1065076794475317,0.006058600606347471,0.026626919861882925,0.0015146501515868678,0.384086549282074,0.29927483201026917
cuda:0 (NVIDIA L40S),bfloat16,levy,1.5,"(64, 64)",64,AOLxDion,2,3,0.1065076794475317,0.006058600606347471,0.026626919861882925,0.0015146501515868678,0.39435264468193054,0.3145450949668884
cuda:0 (NVIDIA L40S),bfloat16,levy,1.5,"(64, 64)",64,AOLxDion,3,0,0.12569298269227147,0.011111636729684552,0.03142324567306787,0.002777909182421138,0.20580798387527466,0.18270079791545868
cuda:0 (NVIDIA L40S),bfloat16,levy,1.5,"(64, 64)",64,AOLxDion,3,1,0.12569298269227147,0.011111636729684552,0.03142324567306787,0.002777909182421138,0.21995435655117035,0.19543787837028503
cuda:0 (NVIDIA L40S),bfloat16,levy,1.5,"(64, 64)",64,AOLxDion,3,2,0.12569298269227147,0.011111636729684552,0.03142324567306787,0.002777909182421138,0.2004701793193817,0.1710195541381836
cuda:0 (NVIDIA L40S),bfloat16,levy,1.5,"(64, 64)",64,AOLxDion,3,3,0.12569298269227147,0.011111636729684552,0.03142324567306787,0.002777909182421138,0.21532653272151947,0.19192618131637573
cuda:0 (NVIDIA L40S),bfloat16,levy,1.5,"(64, 64)",64,AOLxDion,4,0,0.14515244401991367,0.012917438459813494,0.03628811100497842,0.0032293596149533736,0.1301157921552658,0.14295974373817444
cuda:0 (NVIDIA L40S),bfloat16,levy,1.5,"(64, 64)",64,AOLxDion,4,1,0.14515244401991367,0.012917438459813494,0.03628811100497842,0.0032293596149533736,0.11589882522821426,0.13134793937206268
cuda:0 (NVIDIA L40S),bfloat16,levy,1.5,"(64, 64)",64,AOLxDion,4,2,0.14515244401991367,0.012917438459813494,0.03628811100497842,0.0032293596149533736,0.10495845973491669,0.10635416209697723
cuda:0 (NVIDIA L40S),bfloat16,levy,1.5,"(64, 64)",64,AOLxDion,4,3,0.14515244401991367,0.012917438459813494,0.03628811100497842,0.0032293596149533736,0.133261039853096,0.1572817862033844
cuda:0 (NVIDIA L40S),bfloat16,levy,1.5,"(64, 64)",64,AOLxDion,5,0,0.1673224614933133,0.016378477465283616,0.04183061537332833,0.004094619366320904,0.06827989965677261,0.10655568540096283
cuda:0 (NVIDIA L40S),bfloat16,levy,1.5,"(64, 64)",64,AOLxDion,5,1,0.1673224614933133,0.016378477465283616,0.04183061537332833,0.004094619366320904,0.04668984189629555,0.11037754267454147
cuda:0 (NVIDIA L40S),bfloat16,levy,1.5,"(64, 64)",64,AOLxDion,5,2,0.1673224614933133,0.016378477465283616,0.04183061537332833,0.004094619366320904,0.04798705503344536,0.08501558750867844
cuda:0 (NVIDIA L40S),bfloat16,levy,1.5,"(64, 64)",64,AOLxDion,5,3,0.1673224614933133,0.016378477465283616,0.04183061537332833,0.004094619366320904,0.12922346591949463,0.15111447870731354
cuda:0 (NVIDIA L40S),bfloat16,levy,1.5,"(128, 128)",128,Muon,1,0,0.1138051156885922,0.0123355732604372,0.02845127892214805,0.0030838933151093,0.9581659436225891,0.8662771582603455
cuda:0 (NVIDIA L40S),bfloat16,levy,1.5,"(128, 128)",128,Muon,1,1,0.1138051156885922,0.0123355732604372,0.02845127892214805,0.0030838933151093,0.9479694366455078,0.8366264700889587
cuda:0 (NVIDIA L40S),bfloat16,levy,1.5,"(128, 128)",128,Muon,1,2,0.1138051156885922,0.0123355732604372,0.02845127892214805,0.0030838933151093,0.9360628724098206,0.8165162205696106
cuda:0 (NVIDIA L40S),bfloat16,levy,1.5,"(128, 128)",128,Muon,1,3,0.1138051156885922,0.0123355732604372,0.02845127892214805,0.0030838933151093,0.9524552226066589,0.8560835123062134
cuda:0 (NVIDIA L40S),bfloat16,levy,1.5,"(128, 128)",128,Muon,2,0,0.14476996148005128,0.009300936178889293,0.03619249037001282,0.0023252340447223233,0.8127899765968323,0.6672338843345642
cuda:0 (NVIDIA L40S),bfloat16,levy,1.5,"(128, 128)",128,Muon,2,1,0.14476996148005128,0.009300936178889293,0.03619249037001282,0.0023252340447223233,0.7445299029350281,0.5967104434967041
cuda:0 (NVIDIA L40S),bfloat16,levy,1.5,"(128, 128)",128,Muon,2,2,0.14476996148005128,0.009300936178889293,0.03619249037001282,0.0023252340447223233,0.7186989188194275,0.5708509683609009
cuda:0 (NVIDIA L40S),bfloat16,levy,1.5,"(128, 128)",128,Muon,2,3,0.14476996148005128,0.009300936178889293,0.03619249037001282,0.0023252340447223233,0.7931413054466248,0.6476224064826965
cuda:0 (NVIDIA L40S),bfloat16,levy,1.5,"(128, 128)",128,Muon,3,0,0.18356245709583163,0.014798433373775418,0.04589061427395791,0.0036996083434438546,0.5619974732398987,0.4195633828639984
cuda:0 (NVIDIA L40S),bfloat16,levy,1.5,"(128, 128)",128,Muon,3,1,0.18356245709583163,0.014798433373775418,0.04589061427395791,0.0036996083434438546,0.5104547739028931,0.3709910213947296
cuda:0 (NVIDIA L40S),bfloat16,levy,1.5,"(128, 128)",128,Muon,3,2,0.18356245709583163,0.014798433373775418,0.04589061427395791,0.0036996083434438546,0.4940524399280548,0.35602661967277527
cuda:0 (NVIDIA L40S),bfloat16,levy,1.5,"(128, 128)",128,Muon,3,3,0.18356245709583163,0.014798433373775418,0.04589061427395791,0.0036996083434438546,0.5459843277931213,0.4051375985145569
cuda:0 (NVIDIA L40S),bfloat16,levy,1.5,"(128, 128)",128,Muon,4,0,0.21171505795791745,0.007084213597851763,0.05292876448947936,0.0017710533994629407,0.41805538535118103,0.2785279154777527
cuda:0 (NVIDIA L40S),bfloat16,levy,1.5,"(128, 128)",128,Muon,4,1,0.21171505795791745,0.007084213597851763,0.05292876448947936,0.0017710533994629407,0.40647780895233154,0.26344287395477295
cuda:0 (NVIDIA L40S),bfloat16,levy,1.5,"(128, 128)",128,Muon,4,2,0.21171505795791745,0.007084213597851763,0.05292876448947936,0.0017710533994629407,0.39813682436943054,0.2567552328109741
cuda:0 (NVIDIA L40S),bfloat16,levy,1.5,"(128, 128)",128,Muon,4,3,0.21171505795791745,0.007084213597851763,0.05292876448947936,0.0017710533994629407,0.4199892580509186,0.2785709500312805
cuda:0 (NVIDIA L40S),bfloat16,levy,1.5,"(128, 128)",128,Muon,5,0,0.24191499687731266,0.0076930428824174765,0.060478749219328165,0.0019232607206043691,0.3556462228298187,0.21645814180374146
cuda:0 (NVIDIA L40S),bfloat16,levy,1.5,"(128, 128)",128,Muon,5,1,0.24191499687731266,0.0076930428824174765,0.060478749219328165,0.0019232607206043691,0.3522637188434601,0.20850056409835815
cuda:0 (NVIDIA L40S),bfloat16,levy,1.5,"(128, 128)",128,Muon,5,2,0.24191499687731266,0.0076930428824174765,0.060478749219328165,0.0019232607206043691,0.34602090716362,0.20693296194076538
cuda:0 (NVIDIA L40S),bfloat16,levy,1.5,"(128, 128)",128,Muon,5,3,0.24191499687731266,0.0076930428824174765,0.060478749219328165,0.0019232607206043691,0.3540706932544708,0.211504727602005
cuda:0 (NVIDIA L40S),bfloat16,levy,1.5,"(128, 128)",128,Dion,1,0,0.12330996105447412,0.010320194804920406,0.03082749026361853,0.0025800487012301015,0.9676883220672607,0.8863086104393005
cuda:0 (NVIDIA L40S),bfloat16,levy,1.5,"(128, 128)",128,Dion,1,1,0.12330996105447412,0.010320194804920406,0.03082749026361853,0.0025800487012301015,0.9601083993911743,0.8614525198936462
cuda:0 (NVIDIA L40S),bfloat16,levy,1.5,"(128, 128)",128,Dion,1,2,0.12330996105447412,0.010320194804920406,0.03082749026361853,0.0025800487012301015,0.9528594613075256,0.8446074724197388
cuda:0 (NVIDIA L40S),bfloat16,levy,1.5,"(128, 128)",128,Dion,1,3,0.12330996105447412,0.010320194804920406,0.03082749026361853,0.0025800487012301015,0.9627825021743774,0.8772969245910645
cuda:0 (NVIDIA L40S),bfloat16,levy,1.5,"(128, 128)",128,Dion,2,0,0.15261746011674404,0.006922787485572024,0.03815436502918601,0.001730696871393006,0.8732793927192688,0.7400494813919067
cuda:0 (NVIDIA L40S),bfloat16,levy,1.5,"(128, 128)",128,Dion,2,1,0.15261746011674404,0.006922787485572024,0.03815436502918601,0.001730696871393006,0.8292571902275085,0.6811781525611877
cuda:0 (NVIDIA L40S),bfloat16,levy,1.5,"(128, 128)",128,Dion,2,2,0.15261746011674404,0.006922787485572024,0.03815436502918601,0.001730696871393006,0.7989965081214905,0.6530712246894836
cuda:0 (NVIDIA L40S),bfloat16,levy,1.5,"(128, 128)",128,Dion,2,3,0.15261746011674404,0.006922787485572024,0.03815436502918601,0.001730696871393006,0.861101508140564,0.7235508561134338
cuda:0 (NVIDIA L40S),bfloat16,levy,1.5,"(128, 128)",128,Dion,3,0,0.1785283093340695,0.007733698207053716,0.04463207733351737,0.001933424551763429,0.5933734178543091,0.4642278254032135
cuda:0 (NVIDIA L40S),bfloat16,levy,1.5,"(128, 128)",128,Dion,3,1,0.1785283093340695,0.007733698207053716,0.04463207733351737,0.001933424551763429,0.5210484266281128,0.401988685131073
cuda:0 (NVIDIA L40S),bfloat16,levy,1.5,"(128, 128)",128,Dion,3,2,0.1785283093340695,0.007733698207053716,0.04463207733351737,0.001933424551763429,0.4973297417163849,0.3830324709415436
cuda:0 (NVIDIA L40S),bfloat16,levy,1.5,"(128, 128)",128,Dion,3,3,0.1785283093340695,0.007733698207053716,0.04463207733351737,0.001933424551763429,0.5744892954826355,0.4470568597316742
cuda:0 (NVIDIA L40S),bfloat16,levy,1.5,"(128, 128)",128,Dion,4,0,0.2103400183841586,0.006381363434793052,0.05258500459603965,0.001595340858698263,0.3289581835269928,0.24683605134487152
cuda:0 (NVIDIA L40S),bfloat16,levy,1.5,"(128, 128)",128,Dion,4,1,0.2103400183841586,0.006381363434793052,0.05258500459603965,0.001595340858698263,0.2807040214538574,0.2116275280714035
cuda:0 (NVIDIA L40S),bfloat16,levy,1.5,"(128, 128)",128,Dion,4,2,0.2103400183841586,0.006381363434793052,0.05258500459603965,0.001595340858698263,0.268499493598938,0.20278050005435944
cuda:0 (NVIDIA L40S),bfloat16,levy,1.5,"(128, 128)",128,Dion,4,3,0.2103400183841586,0.006381363434793052,0.05258500459603965,0.001595340858698263,0.31589069962501526,0.23934051394462585
cuda:0 (NVIDIA L40S),bfloat16,levy,1.5,"(128, 128)",128,Dion,5,0,0.2336750039830804,0.008727988710673994,0.0584187509957701,0.0021819971776684986,0.17517560720443726,0.1291428804397583
cuda:0 (NVIDIA L40S),bfloat16,levy,1.5,"(128, 128)",128,Dion,5,1,0.2336750039830804,0.008727988710673994,0.0584187509957701,0.0021819971776684986,0.1481747031211853,0.10599745810031891
cuda:0 (NVIDIA L40S),bfloat16,levy,1.5,"(128, 128)",128,Dion,5,2,0.2336750039830804,0.008727988710673994,0.0584187509957701,0.0021819971776684986,0.13651619851589203,0.10420364886522293
cuda:0 (NVIDIA L40S),bfloat16,levy,1.5,"(128, 128)",128,Dion,5,3,0.2336750039830804,0.008727988710673994,0.0584187509957701,0.0021819971776684986,0.1689068228006363,0.11919797211885452
cuda:0 (NVIDIA L40S),bfloat16,levy,1.5,"(128, 128)",128,AOLxDion,1,0,0.08806498954072595,0.012353861690033401,0.022016247385181487,0.0030884654225083502,0.6586230993270874,0.5247214436531067
cuda:0 (NVIDIA L40S),bfloat16,levy,1.5,"(128, 128)",128,AOLxDion,1,1,0.08806498954072595,0.012353861690033401,0.022016247385181487,0.0030884654225083502,0.6492053866386414,0.5173189640045166
cuda:0 (NVIDIA L40S),bfloat16,levy,1.5,"(128, 128)",128,AOLxDion,1,2,0.08806498954072595,0.012353861690033401,0.022016247385181487,0.0030884654225083502,0.641681969165802,0.509610652923584
cuda:0 (NVIDIA L40S),bfloat16,levy,1.5,"(128, 128)",128,AOLxDion,1,3,0.08806498954072595,0.012353861690033401,0.022016247385181487,0.0030884654225083502,0.6563056707382202,0.5220333337783813
cuda:0 (NVIDIA L40S),bfloat16,levy,1.5,"(128, 128)",128,AOLxDion,2,0,0.17576251411810517,0.01937063999993165,0.04394062852952629,0.0048426599999829125,0.42839986085891724,0.3368235230445862
cuda:0 (NVIDIA L40S),bfloat16,levy,1.5,"(128, 128)",128,AOLxDion,2,1,0.17576251411810517,0.01937063999993165,0.04394062852952629,0.0048426599999829125,0.42490339279174805,0.33253908157348633
cuda:0 (NVIDIA L40S),bfloat16,levy,1.5,"(128, 128)",128,AOLxDion,2,2,0.17576251411810517,0.01937063999993165,0.04394062852952629,0.0048426599999829125,0.41843006014823914,0.32692790031433105
cuda:0 (NVIDIA L40S),bfloat16,levy,1.5,"(128, 128)",128,AOLxDion,2,3,0.17576251411810517,0.01937063999993165,0.04394062852952629,0.0048426599999829125,0.42296579480171204,0.3321179151535034
cuda:0 (NVIDIA L40S),bfloat16,levy,1.5,"(128, 128)",128,AOLxDion,3,0,0.1276600523851812,0.008950342554144031,0.0319150130962953,0.0022375856385360078,0.23353877663612366,0.20062482357025146
cuda:0 (NVIDIA L40S),bfloat16,levy,1.5,"(128, 128)",128,AOLxDion,3,1,0.1276600523851812,0.008950342554144031,0.0319150130962953,0.0022375856385360078,0.2304210066795349,0.19413897395133972
cuda:0 (NVIDIA L40S),bfloat16,levy,1.5,"(128, 128)",128,AOLxDion,3,2,0.1276600523851812,0.008950342554144031,0.0319150130962953,0.0022375856385360078,0.22970451414585114,0.19140179455280304
cuda:0 (NVIDIA L40S),bfloat16,levy,1.5,"(128, 128)",128,AOLxDion,3,3,0.1276600523851812,0.008950342554144031,0.0319150130962953,0.0022375856385360078,0.235329732298851,0.19647827744483948
cuda:0 (NVIDIA L40S),bfloat16,levy,1.5,"(128, 128)",128,AOLxDion,4,0,0.1504924730397761,0.007797043782370128,0.03762311825994402,0.001949260945592532,0.12600107491016388,0.13530407845973969
cuda:0 (NVIDIA L40S),bfloat16,levy,1.5,"(128, 128)",128,AOLxDion,4,1,0.1504924730397761,0.007797043782370128,0.03762311825994402,0.001949260945592532,0.12564262747764587,0.1262224316596985
cuda:0 (NVIDIA L40S),bfloat16,levy,1.5,"(128, 128)",128,AOLxDion,4,2,0.1504924730397761,0.007797043782370128,0.03762311825994402,0.001949260945592532,0.1186869889497757,0.1275617629289627
cuda:0 (NVIDIA L40S),bfloat16,levy,1.5,"(128, 128)",128,AOLxDion,4,3,0.1504924730397761,0.007797043782370128,0.03762311825994402,0.001949260945592532,0.11404675990343094,0.1158377081155777
cuda:0 (NVIDIA L40S),bfloat16,levy,1.5,"(128, 128)",128,AOLxDion,5,0,0.17051748000085354,0.005757918739261043,0.042629370000213385,0.0014394796848152607,0.06702442467212677,0.10918374359607697
cuda:0 (NVIDIA L40S),bfloat16,levy,1.5,"(128, 128)",128,AOLxDion,5,1,0.17051748000085354,0.005757918739261043,0.042629370000213385,0.0014394796848152607,0.04374143108725548,0.09755118936300278
cuda:0 (NVIDIA L40S),bfloat16,levy,1.5,"(128, 128)",128,AOLxDion,5,2,0.17051748000085354,0.005757918739261043,0.042629370000213385,0.0014394796848152607,0.08731646090745926,0.10915027558803558
cuda:0 (NVIDIA L40S),bfloat16,levy,1.5,"(128, 128)",128,AOLxDion,5,3,0.17051748000085354,0.005757918739261043,0.042629370000213385,0.0014394796848152607,0.04502945393323898,0.09436190128326416
cuda:0 (NVIDIA L40S),bfloat16,levy,1.5,"(256, 256)",256,Muon,1,0,0.11779001215472817,0.013341468523907933,0.029447503038682044,0.0033353671309769833,0.9813065528869629,0.9123800992965698
cuda:0 (NVIDIA L40S),bfloat16,levy,1.5,"(256, 256)",256,Muon,1,1,0.11779001215472817,0.013341468523907933,0.029447503038682044,0.0033353671309769833,0.9765123724937439,0.9037573933601379
cuda:0 (NVIDIA L40S),bfloat16,levy,1.5,"(256, 256)",256,Muon,1,2,0.11779001215472817,0.013341468523907933,0.029447503038682044,0.0033353671309769833,0.9838691353797913,0.9336628913879395
cuda:0 (NVIDIA L40S),bfloat16,levy,1.5,"(256, 256)",256,Muon,1,3,0.11779001215472817,0.013341468523907933,0.029447503038682044,0.0033353671309769833,0.987167477607727,0.9328955411911011
cuda:0 (NVIDIA L40S),bfloat16,levy,1.5,"(256, 256)",256,Muon,2,0,0.15459745191037655,0.004308503470410579,0.03864936297759414,0.0010771258676026448,0.8905333280563354,0.7517893314361572
cuda:0 (NVIDIA L40S),bfloat16,levy,1.5,"(256, 256)",256,Muon,2,1,0.15459745191037655,0.004308503470410579,0.03864936297759414,0.0010771258676026448,0.8761781454086304,0.7361374497413635
cuda:0 (NVIDIA L40S),bfloat16,levy,1.5,"(256, 256)",256,Muon,2,2,0.15459745191037655,0.004308503470410579,0.03864936297759414,0.0010771258676026448,0.9299606084823608,0.8197453618049622
cuda:0 (NVIDIA L40S),bfloat16,levy,1.5,"(256, 256)",256,Muon,2,3,0.15459745191037655,0.004308503470410579,0.03864936297759414,0.0010771258676026448,0.9284560084342957,0.8044171929359436
cuda:0 (NVIDIA L40S),bfloat16,levy,1.5,"(256, 256)",256,Muon,3,0,0.18387497402727604,0.0066124471672659065,0.04596874350681901,0.0016531117918164766,0.6318168640136719,0.4878045618534088
cuda:0 (NVIDIA L40S),bfloat16,levy,1.5,"(256, 256)",256,Muon,3,1,0.18387497402727604,0.0066124471672659065,0.04596874350681901,0.0016531117918164766,0.6150986552238464,0.47258639335632324
cuda:0 (NVIDIA L40S),bfloat16,levy,1.5,"(256, 256)",256,Muon,3,2,0.18387497402727604,0.0066124471672659065,0.04596874350681901,0.0016531117918164766,0.7346835732460022,0.5883093476295471
cuda:0 (NVIDIA L40S),bfloat16,levy,1.5,"(256, 256)",256,Muon,3,3,0.18387497402727604,0.0066124471672659065,0.04596874350681901,0.0016531117918164766,0.6993954181671143,0.5518298149108887
cuda:0 (NVIDIA L40S),bfloat16,levy,1.5,"(256, 256)",256,Muon,4,0,0.21276751067489386,0.012409756373234401,0.053191877668723464,0.0031024390933086002,0.4576256573200226,0.31327202916145325
cuda:0 (NVIDIA L40S),bfloat16,levy,1.5,"(256, 256)",256,Muon,4,1,0.21276751067489386,0.012409756373234401,0.053191877668723464,0.0031024390933086002,0.44941446185112,0.3054133951663971
cuda:0 (NVIDIA L40S),bfloat16,levy,1.5,"(256, 256)",256,Muon,4,2,0.21276751067489386,0.012409756373234401,0.053191877668723464,0.0031024390933086002,0.5043449401855469,0.3643290102481842
cuda:0 (NVIDIA L40S),bfloat16,levy,1.5,"(256, 256)",256,Muon,4,3,0.21276751067489386,0.012409756373234401,0.053191877668723464,0.0031024390933086002,0.48485037684440613,0.34230121970176697
cuda:0 (NVIDIA L40S),bfloat16,levy,1.5,"(256, 256)",256,Muon,5,0,0.24372752523049712,0.0068312854124912255,0.06093188130762428,0.0017078213531228064,0.3640856444835663,0.22423158586025238
cuda:0 (NVIDIA L40S),bfloat16,levy,1.5,"(256, 256)",256,Muon,5,1,0.24372752523049712,0.0068312854124912255,0.06093188130762428,0.0017078213531228064,0.35888031125068665,0.22038134932518005
cuda:0 (NVIDIA L40S),bfloat16,levy,1.5,"(256, 256)",256,Muon,5,2,0.24372752523049712,0.0068312854124912255,0.06093188130762428,0.0017078213531228064,0.4030228853225708,0.2596152722835541
cuda:0 (NVIDIA L40S),bfloat16,levy,1.5,"(256, 256)",256,Muon,5,3,0.24372752523049712,0.0068312854124912255,0.06093188130762428,0.0017078213531228064,0.3857560157775879,0.24102383852005005
cuda:0 (NVIDIA L40S),bfloat16,levy,1.5,"(256, 256)",256,Dion,1,0,0.1212599454447627,0.006947884329523136,0.030314986361190677,0.001736971082380784,0.9854620099067688,0.9262429475784302
cuda:0 (NVIDIA L40S),bfloat16,levy,1.5,"(256, 256)",256,Dion,1,1,0.1212599454447627,0.006947884329523136,0.030314986361190677,0.001736971082380784,0.9820881485939026,0.918825089931488
cuda:0 (NVIDIA L40S),bfloat16,levy,1.5,"(256, 256)",256,Dion,1,2,0.1212599454447627,0.006947884329523136,0.030314986361190677,0.001736971082380784,0.9877275228500366,0.9439593553543091
cuda:0 (NVIDIA L40S),bfloat16,levy,1.5,"(256, 256)",256,Dion,1,3,0.1212599454447627,0.006947884329523136,0.030314986361190677,0.001736971082380784,0.9900203943252563,0.9436200261116028
cuda:0 (NVIDIA L40S),bfloat16,levy,1.5,"(256, 256)",256,Dion,2,0,0.1530050067231059,0.008532808246696423,0.03825125168077648,0.0021332020616741058,0.9359614253044128,0.8162789940834045
cuda:0 (NVIDIA L40S),bfloat16,levy,1.5,"(256, 256)",256,Dion,2,1,0.1530050067231059,0.008532808246696423,0.03825125168077648,0.0021332020616741058,0.9247665405273438,0.8023195862770081
cuda:0 (NVIDIA L40S),bfloat16,levy,1.5,"(256, 256)",256,Dion,2,2,0.1530050067231059,0.008532808246696423,0.03825125168077648,0.0021332020616741058,0.954927921295166,0.8653397560119629
cuda:0 (NVIDIA L40S),bfloat16,levy,1.5,"(256, 256)",256,Dion,2,3,0.1530050067231059,0.008532808246696423,0.03825125168077648,0.0021332020616741058,0.9583247900009155,0.857039749622345
cuda:0 (NVIDIA L40S),bfloat16,levy,1.5,"(256, 256)",256,Dion,3,0,0.18350000027567148,0.011394138437031763,0.04587500006891787,0.0028485346092579408,0.6900631189346313,0.5478693246841431
cuda:0 (NVIDIA L40S),bfloat16,levy,1.5,"(256, 256)",256,Dion,3,1,0.18350000027567148,0.011394138437031763,0.04587500006891787,0.0028485346092579408,0.6711390018463135,0.5310114026069641
cuda:0 (NVIDIA L40S),bfloat16,levy,1.5,"(256, 256)",256,Dion,3,2,0.18350000027567148,0.011394138437031763,0.04587500006891787,0.0028485346092579408,0.796264111995697,0.6514641046524048
cuda:0 (NVIDIA L40S),bfloat16,levy,1.5,"(256, 256)",256,Dion,3,3,0.18350000027567148,0.011394138437031763,0.04587500006891787,0.0028485346092579408,0.762290894985199,0.6158373355865479
cuda:0 (NVIDIA L40S),bfloat16,levy,1.5,"(256, 256)",256,Dion,4,0,0.20520755788311362,0.017177544150792194,0.051301889470778406,0.0042943860376980485,0.38964197039604187,0.29375919699668884
cuda:0 (NVIDIA L40S),bfloat16,levy,1.5,"(256, 256)",256,Dion,4,1,0.20520755788311362,0.017177544150792194,0.051301889470778406,0.0042943860376980485,0.37814369797706604,0.28376835584640503
cuda:0 (NVIDIA L40S),bfloat16,levy,1.5,"(256, 256)",256,Dion,4,2,0.20520755788311362,0.017177544150792194,0.051301889470778406,0.0042943860376980485,0.48375946283340454,0.37013646960258484
cuda:0 (NVIDIA L40S),bfloat16,levy,1.5,"(256, 256)",256,Dion,4,3,0.20520755788311362,0.017177544150792194,0.051301889470778406,0.0042943860376980485,0.4485386908054352,0.3398142158985138
cuda:0 (NVIDIA L40S),bfloat16,levy,1.5,"(256, 256)",256,Dion,5,0,0.22939208429306746,0.010237616860938381,0.057348021073266864,0.0025594042152345953,0.19711880385875702,0.14472077786922455
cuda:0 (NVIDIA L40S),bfloat16,levy,1.5,"(256, 256)",256,Dion,5,1,0.22939208429306746,0.010237616860938381,0.057348021073266864,0.0025594042152345953,0.1879420280456543,0.13867884874343872
cuda:0 (NVIDIA L40S),bfloat16,levy,1.5,"(256, 256)",256,Dion,5,2,0.22939208429306746,0.010237616860938381,0.057348021073266864,0.0025594042152345953,0.2545264661312103,0.19080211222171783
cuda:0 (NVIDIA L40S),bfloat16,levy,1.5,"(256, 256)",256,Dion,5,3,0.22939208429306746,0.010237616860938381,0.057348021073266864,0.0025594042152345953,0.22975227236747742,0.16658690571784973
cuda:0 (NVIDIA L40S),bfloat16,levy,1.5,"(256, 256)",256,AOLxDion,1,0,0.086459971498698,0.008371266477772987,0.0216149928746745,0.0020928166194432466,0.6855894923210144,0.5460962057113647
cuda:0 (NVIDIA L40S),bfloat16,levy,1.5,"(256, 256)",256,AOLxDion,1,1,0.086459971498698,0.008371266477772987,0.0216149928746745,0.0020928166194432466,0.6937499642372131,0.5535845160484314
cuda:0 (NVIDIA L40S),bfloat16,levy,1.5,"(256, 256)",256,AOLxDion,1,2,0.086459971498698,0.008371266477772987,0.0216149928746745,0.0020928166194432466,0.7054851055145264,0.5646287202835083
cuda:0 (NVIDIA L40S),bfloat16,levy,1.5,"(256, 256)",256,AOLxDion,1,3,0.086459971498698,0.008371266477772987,0.0216149928746745,0.0020928166194432466,0.6952447295188904,0.5552545785903931
cuda:0 (NVIDIA L40S),bfloat16,levy,1.5,"(256, 256)",256,AOLxDion,2,0,0.10806001955643296,0.009974790605576279,0.02701500488910824,0.0024936976513940698,0.44702038168907166,0.34446194767951965
cuda:0 (NVIDIA L40S),bfloat16,levy,1.5,"(256, 256)",256,AOLxDion,2,1,0.10806001955643296,0.009974790605576279,0.02701500488910824,0.0024936976513940698,0.45404377579689026,0.3511720299720764
cuda:0 (NVIDIA L40S),bfloat16,levy,1.5,"(256, 256)",256,AOLxDion,2,2,0.10806001955643296,0.009974790605576279,0.02701500488910824,0.0024936976513940698,0.46403634548187256,0.35964152216911316
cuda:0 (NVIDIA L40S),bfloat16,levy,1.5,"(256, 256)",256,AOLxDion,2,3,0.10806001955643296,0.009974790605576279,0.02701500488910824,0.0024936976513940698,0.45507490634918213,0.3525264859199524
cuda:0 (NVIDIA L40S),bfloat16,levy,1.5,"(256, 256)",256,AOLxDion,3,0,0.13256503734737635,0.008518363004960915,0.03314125933684409,0.0021295907512402287,0.2396080046892166,0.19032053649425507
cuda:0 (NVIDIA L40S),bfloat16,levy,1.5,"(256, 256)",256,AOLxDion,3,1,0.13256503734737635,0.008518363004960915,0.03314125933684409,0.0021295907512402287,0.2441175878047943,0.19575613737106323
cuda:0 (NVIDIA L40S),bfloat16,levy,1.5,"(256, 256)",256,AOLxDion,3,2,0.13256503734737635,0.008518363004960915,0.03314125933684409,0.0021295907512402287,0.2527884840965271,0.2038804590702057
cuda:0 (NVIDIA L40S),bfloat16,levy,1.5,"(256, 256)",256,AOLxDion,3,3,0.13256503734737635,0.008518363004960915,0.03314125933684409,0.0021295907512402287,0.24422655999660492,0.19661793112754822
cuda:0 (NVIDIA L40S),bfloat16,levy,1.5,"(256, 256)",256,AOLxDion,4,0,0.1484524691477418,0.008354311308657691,0.03711311728693545,0.0020885778271644228,0.116465725004673,0.11477864533662796
cuda:0 (NVIDIA L40S),bfloat16,levy,1.5,"(256, 256)",256,AOLxDion,4,1,0.1484524691477418,0.008354311308657691,0.03711311728693545,0.0020885778271644228,0.12704074382781982,0.12057556957006454
cuda:0 (NVIDIA L40S),bfloat16,levy,1.5,"(256, 256)",256,AOLxDion,4,2,0.1484524691477418,0.008354311308657691,0.03711311728693545,0.0020885778271644228,0.13483686745166779,0.12876875698566437
cuda:0 (NVIDIA L40S),bfloat16,levy,1.5,"(256, 256)",256,AOLxDion,4,3,0.1484524691477418,0.008354311308657691,0.03711311728693545,0.0020885778271644228,0.11225667595863342,0.11617501825094223
cuda:0 (NVIDIA L40S),bfloat16,levy,1.5,"(256, 256)",256,AOLxDion,5,0,0.17163256416097283,0.007896761910783518,0.04290814104024321,0.0019741904776958796,0.07235756516456604,0.09468969702720642
cuda:0 (NVIDIA L40S),bfloat16,levy,1.5,"(256, 256)",256,AOLxDion,5,1,0.17163256416097283,0.007896761910783518,0.04290814104024321,0.0019741904776958796,0.05425449460744858,0.08729071915149689
cuda:0 (NVIDIA L40S),bfloat16,levy,1.5,"(256, 256)",256,AOLxDion,5,2,0.17163256416097283,0.007896761910783518,0.04290814104024321,0.0019741904776958796,0.08003000915050507,0.0966033786535263
cuda:0 (NVIDIA L40S),bfloat16,levy,1.5,"(256, 256)",256,AOLxDion,5,3,0.17163256416097283,0.007896761910783518,0.04290814104024321,0.0019741904776958796,0.04771934822201729,0.09278031438589096
cuda:0 (NVIDIA L40S),bfloat16,levy,1.5,"(512, 512)",512,Muon,1,0,0.12874009553343058,0.004948370582988362,0.032185023883357644,0.0012370926457470905,0.9851123690605164,0.9276096224784851
cuda:0 (NVIDIA L40S),bfloat16,levy,1.5,"(512, 512)",512,Muon,1,1,0.12874009553343058,0.004948370582988362,0.032185023883357644,0.0012370926457470905,0.9889333248138428,0.9382113814353943
cuda:0 (NVIDIA L40S),bfloat16,levy,1.5,"(512, 512)",512,Muon,1,2,0.12874009553343058,0.004948370582988362,0.032185023883357644,0.0012370926457470905,0.9955547451972961,0.9682786464691162
cuda:0 (NVIDIA L40S),bfloat16,levy,1.5,"(512, 512)",512,Muon,1,3,0.12874009553343058,0.004948370582988362,0.032185023883357644,0.0012370926457470905,0.9817423820495605,0.9146969318389893
cuda:0 (NVIDIA L40S),bfloat16,levy,1.5,"(512, 512)",512,Muon,2,0,0.19113521557301283,0.006545117309013209,0.04778380389325321,0.0016362793272533022,0.9162197709083557,0.7960534691810608
cuda:0 (NVIDIA L40S),bfloat16,levy,1.5,"(512, 512)",512,Muon,2,1,0.19113521557301283,0.006545117309013209,0.04778380389325321,0.0016362793272533022,0.9358499050140381,0.8219999074935913
cuda:0 (NVIDIA L40S),bfloat16,levy,1.5,"(512, 512)",512,Muon,2,2,0.19113521557301283,0.006545117309013209,0.04778380389325321,0.0016362793272533022,0.9771806597709656,0.9039573669433594
cuda:0 (NVIDIA L40S),bfloat16,levy,1.5,"(512, 512)",512,Muon,2,3,0.19113521557301283,0.006545117309013209,0.04778380389325321,0.0016362793272533022,0.8954086303710938,0.7612977027893066
cuda:0 (NVIDIA L40S),bfloat16,levy,1.5,"(512, 512)",512,Muon,3,0,0.25455502327531576,0.004853896120609807,0.06363875581882894,0.0012134740301524517,0.6998366713523865,0.5529248714447021
cuda:0 (NVIDIA L40S),bfloat16,levy,1.5,"(512, 512)",512,Muon,3,1,0.25455502327531576,0.004853896120609807,0.06363875581882894,0.0012134740301524517,0.7286933660507202,0.5809857845306396
cuda:0 (NVIDIA L40S),bfloat16,levy,1.5,"(512, 512)",512,Muon,3,2,0.25455502327531576,0.004853896120609807,0.06363875581882894,0.0012134740301524517,0.8751580715179443,0.7349408864974976
cuda:0 (NVIDIA L40S),bfloat16,levy,1.5,"(512, 512)",512,Muon,3,3,0.25455502327531576,0.004853896120609807,0.06363875581882894,0.0012134740301524517,0.6454294919967651,0.5005159974098206
cuda:0 (NVIDIA L40S),bfloat16,levy,1.5,"(512, 512)",512,Muon,4,0,0.3142000059597194,0.0053778199546537266,0.07855000148992985,0.0013444549886634316,0.48368704319000244,0.3436943292617798
cuda:0 (NVIDIA L40S),bfloat16,levy,1.5,"(512, 512)",512,Muon,4,1,0.3142000059597194,0.0053778199546537266,0.07855000148992985,0.0013444549886634316,0.4989809989929199,0.3587813079357147
cuda:0 (NVIDIA L40S),bfloat16,levy,1.5,"(512, 512)",512,Muon,4,2,0.3142000059597194,0.0053778199546537266,0.07855000148992985,0.0013444549886634316,0.6175745725631714,0.4736994802951813
cuda:0 (NVIDIA L40S),bfloat16,levy,1.5,"(512, 512)",512,Muon,4,3,0.3142000059597194,0.0053778199546537266,0.07855000148992985,0.0013444549886634316,0.45828449726104736,0.3154825270175934
cuda:0 (NVIDIA L40S),bfloat16,levy,1.5,"(512, 512)",512,Muon,5,0,0.3770024050027132,0.0055336343474828836,0.0942506012506783,0.0013834085868707209,0.3898791968822479,0.24653393030166626
cuda:0 (NVIDIA L40S),bfloat16,levy,1.5,"(512, 512)",512,Muon,5,1,0.3770024050027132,0.0055336343474828836,0.0942506012506783,0.0013834085868707209,0.3976818025112152,0.256572425365448
cuda:0 (NVIDIA L40S),bfloat16,levy,1.5,"(512, 512)",512,Muon,5,2,0.3770024050027132,0.0055336343474828836,0.0942506012506783,0.0013834085868707209,0.4482766091823578,0.30561068654060364
cuda:0 (NVIDIA L40S),bfloat16,levy,1.5,"(512, 512)",512,Muon,5,3,0.3770024050027132,0.0055336343474828836,0.0942506012506783,0.0013834085868707209,0.3709534704685211,0.22914068400859833
cuda:0 (NVIDIA L40S),bfloat16,levy,1.5,"(512, 512)",512,Dion,1,0,0.12315245112404227,0.005697700789732772,0.030788112781010568,0.001424425197433193,0.9889214038848877,0.9392412900924683
cuda:0 (NVIDIA L40S),bfloat16,levy,1.5,"(512, 512)",512,Dion,1,1,0.12315245112404227,0.005697700789732772,0.030788112781010568,0.001424425197433193,0.992016077041626,0.9483532905578613
cuda:0 (NVIDIA L40S),bfloat16,levy,1.5,"(512, 512)",512,Dion,1,2,0.12315245112404227,0.005697700789732772,0.030788112781010568,0.001424425197433193,0.9963913559913635,0.9733997583389282
cuda:0 (NVIDIA L40S),bfloat16,levy,1.5,"(512, 512)",512,Dion,1,3,0.12315245112404227,0.005697700789732772,0.030788112781010568,0.001424425197433193,0.9868118166923523,0.9285438060760498
cuda:0 (NVIDIA L40S),bfloat16,levy,1.5,"(512, 512)",512,Dion,2,0,0.16405497444793582,0.006218239921894026,0.041013743611983955,0.0015545599804735065,0.9492574334144592,0.8486201763153076
cuda:0 (NVIDIA L40S),bfloat16,levy,1.5,"(512, 512)",512,Dion,2,1,0.16405497444793582,0.006218239921894026,0.041013743611983955,0.0015545599804735065,0.9601268768310547,0.868746280670166
cuda:0 (NVIDIA L40S),bfloat16,levy,1.5,"(512, 512)",512,Dion,2,2,0.16405497444793582,0.006218239921894026,0.041013743611983955,0.0015545599804735065,0.9861207604408264,0.9308781623840332
cuda:0 (NVIDIA L40S),bfloat16,levy,1.5,"(512, 512)",512,Dion,2,3,0.16405497444793582,0.006218239921894026,0.041013743611983955,0.0015545599804735065,0.93595951795578,0.8219298124313354
cuda:0 (NVIDIA L40S),bfloat16,levy,1.5,"(512, 512)",512,Dion,3,0,0.2042350242845714,0.00587795236036793,0.05105875607114285,0.0014694880900919824,0.7599279880523682,0.615086555480957
cuda:0 (NVIDIA L40S),bfloat16,levy,1.5,"(512, 512)",512,Dion,3,1,0.2042350242845714,0.00587795236036793,0.05105875607114285,0.0014694880900919824,0.7940348982810974,0.6463543772697449
cuda:0 (NVIDIA L40S),bfloat16,levy,1.5,"(512, 512)",512,Dion,3,2,0.2042350242845714,0.00587795236036793,0.05105875607114285,0.0014694880900919824,0.9152166247367859,0.7879645824432373
cuda:0 (NVIDIA L40S),bfloat16,levy,1.5,"(512, 512)",512,Dion,3,3,0.2042350242845714,0.00587795236036793,0.05105875607114285,0.0014694880900919824,0.7054774761199951,0.5617921948432922
cuda:0 (NVIDIA L40S),bfloat16,levy,1.5,"(512, 512)",512,Dion,4,0,0.24170003598555923,0.006333089461916008,0.060425008996389806,0.001583272365479002,0.45031994581222534,0.34291544556617737
cuda:0 (NVIDIA L40S),bfloat16,levy,1.5,"(512, 512)",512,Dion,4,1,0.24170003598555923,0.006333089461916008,0.060425008996389806,0.001583272365479002,0.4761992394924164,0.3637237846851349
cuda:0 (NVIDIA L40S),bfloat16,levy,1.5,"(512, 512)",512,Dion,4,2,0.24170003598555923,0.006333089461916008,0.060425008996389806,0.001583272365479002,0.6377897262573242,0.5014018416404724
cuda:0 (NVIDIA L40S),bfloat16,levy,1.5,"(512, 512)",512,Dion,4,3,0.24170003598555923,0.006333089461916008,0.060425008996389806,0.001583272365479002,0.4019259214401245,0.30218663811683655
cuda:0 (NVIDIA L40S),bfloat16,levy,1.5,"(512, 512)",512,Dion,5,0,0.2818653010763228,0.004849663554674377,0.0704663252690807,0.0012124158886685943,0.23301808536052704,0.17258773744106293
cuda:0 (NVIDIA L40S),bfloat16,levy,1.5,"(512, 512)",512,Dion,5,1,0.2818653010763228,0.004849663554674377,0.0704663252690807,0.0012124158886685943,0.24889545142650604,0.18764612078666687
cuda:0 (NVIDIA L40S),bfloat16,levy,1.5,"(512, 512)",512,Dion,5,2,0.2818653010763228,0.004849663554674377,0.0704663252690807,0.0012124158886685943,0.3490903973579407,0.26214370131492615
cuda:0 (NVIDIA L40S),bfloat16,levy,1.5,"(512, 512)",512,Dion,5,3,0.2818653010763228,0.004849663554674377,0.0704663252690807,0.0012124158886685943,0.20213177800178528,0.14831115305423737
cuda:0 (NVIDIA L40S),bfloat16,levy,1.5,"(512, 512)",512,AOLxDion,1,0,0.08797249756753445,0.006608522088228265,0.02199312439188361,0.0016521305220570663,0.7293983101844788,0.5859267711639404
cuda:0 (NVIDIA L40S),bfloat16,levy,1.5,"(512, 512)",512,AOLxDion,1,1,0.08797249756753445,0.006608522088228265,0.02199312439188361,0.0016521305220570663,0.7320923209190369,0.5870751738548279
cuda:0 (NVIDIA L40S),bfloat16,levy,1.5,"(512, 512)",512,AOLxDion,1,2,0.08797249756753445,0.006608522088228265,0.02199312439188361,0.0016521305220570663,0.7374069094657898,0.5927843451499939
cuda:0 (NVIDIA L40S),bfloat16,levy,1.5,"(512, 512)",512,AOLxDion,1,3,0.08797249756753445,0.006608522088228265,0.02199312439188361,0.0016521305220570663,0.722861111164093,0.578170657157898
cuda:0 (NVIDIA L40S),bfloat16,levy,1.5,"(512, 512)",512,AOLxDion,2,0,0.10923773515969515,0.006121937582570151,0.027309433789923787,0.0015304843956425378,0.48412081599235535,0.3751314580440521
cuda:0 (NVIDIA L40S),bfloat16,levy,1.5,"(512, 512)",512,AOLxDion,2,1,0.10923773515969515,0.006121937582570151,0.027309433789923787,0.0015304843956425378,0.4845007359981537,0.37544023990631104
cuda:0 (NVIDIA L40S),bfloat16,levy,1.5,"(512, 512)",512,AOLxDion,2,2,0.10923773515969515,0.006121937582570151,0.027309433789923787,0.0015304843956425378,0.49049872159957886,0.3799933195114136
cuda:0 (NVIDIA L40S),bfloat16,levy,1.5,"(512, 512)",512,AOLxDion,2,3,0.10923773515969515,0.006121937582570151,0.027309433789923787,0.0015304843956425378,0.4753817915916443,0.3666430413722992
cuda:0 (NVIDIA L40S),bfloat16,levy,1.5,"(512, 512)",512,AOLxDion,3,0,0.13716501416638494,0.00590258055523629,0.034291253541596234,0.0014756451388090726,0.263044536113739,0.2080908715724945
cuda:0 (NVIDIA L40S),bfloat16,levy,1.5,"(512, 512)",512,AOLxDion,3,1,0.13716501416638494,0.00590258055523629,0.034291253541596234,0.0014756451388090726,0.26334887742996216,0.21146346628665924
cuda:0 (NVIDIA L40S),bfloat16,levy,1.5,"(512, 512)",512,AOLxDion,3,2,0.13716501416638494,0.00590258055523629,0.034291253541596234,0.0014756451388090726,0.2667034864425659,0.2117985188961029
cuda:0 (NVIDIA L40S),bfloat16,levy,1.5,"(512, 512)",512,AOLxDion,3,3,0.13716501416638494,0.00590258055523629,0.034291253541596234,0.0014756451388090726,0.2535806894302368,0.2012057602405548
cuda:0 (NVIDIA L40S),bfloat16,levy,1.5,"(512, 512)",512,AOLxDion,4,0,0.16365002375096083,0.0064348299195430775,0.04091250593774021,0.0016087074798857694,0.13536155223846436,0.12427801638841629
cuda:0 (NVIDIA L40S),bfloat16,levy,1.5,"(512, 512)",512,AOLxDion,4,1,0.16365002375096083,0.0064348299195430775,0.04091250593774021,0.0016087074798857694,0.140754833817482,0.13132762908935547
cuda:0 (NVIDIA L40S),bfloat16,levy,1.5,"(512, 512)",512,AOLxDion,4,2,0.16365002375096083,0.0064348299195430775,0.04091250593774021,0.0016087074798857694,0.13661792874336243,0.12405247986316681
cuda:0 (NVIDIA L40S),bfloat16,levy,1.5,"(512, 512)",512,AOLxDion,4,3,0.16365002375096083,0.0064348299195430775,0.04091250593774021,0.0016087074798857694,0.12799257040023804,0.12107936292886734
cuda:0 (NVIDIA L40S),bfloat16,levy,1.5,"(512, 512)",512,AOLxDion,5,0,0.195789965800941,0.005334779083678585,0.04894749145023525,0.0013336947709196463,0.07384615391492844,0.09535419195890427
cuda:0 (NVIDIA L40S),bfloat16,levy,1.5,"(512, 512)",512,AOLxDion,5,1,0.195789965800941,0.005334779083678585,0.04894749145023525,0.0013336947709196463,0.08294019103050232,0.09936115890741348
cuda:0 (NVIDIA L40S),bfloat16,levy,1.5,"(512, 512)",512,AOLxDion,5,2,0.195789965800941,0.005334779083678585,0.04894749145023525,0.0013336947709196463,0.06637836247682571,0.08931521326303482
cuda:0 (NVIDIA L40S),bfloat16,levy,1.5,"(512, 512)",512,AOLxDion,5,3,0.195789965800941,0.005334779083678585,0.04894749145023525,0.0013336947709196463,0.07415355741977692,0.09353108704090118
cuda:0 (NVIDIA L40S),bfloat16,levy,1.5,"(1024, 1024)",1024,Muon,1,0,0.23642746964469552,0.004644216540168668,0.05910686741117388,0.001161054135042167,0.9928539395332336,
cuda:0 (NVIDIA L40S),bfloat16,levy,1.5,"(1024, 1024)",1024,Muon,1,1,0.23642746964469552,0.004644216540168668,0.05910686741117388,0.001161054135042167,,
cuda:0 (NVIDIA L40S),bfloat16,levy,1.5,"(1024, 1024)",1024,Muon,1,2,0.23642746964469552,0.004644216540168668,0.05910686741117388,0.001161054135042167,0.9960364699363708,
cuda:0 (NVIDIA L40S),bfloat16,levy,1.5,"(1024, 1024)",1024,Muon,1,3,0.23642746964469552,0.004644216540168668,0.05910686741117388,0.001161054135042167,0.9916908740997314,
cuda:0 (NVIDIA L40S),bfloat16,levy,1.5,"(1024, 1024)",1024,Muon,2,0,0.40593999437987804,0.007056133063120598,0.10148499859496951,0.0017640332657801495,0.9501318335533142,
cuda:0 (NVIDIA L40S),bfloat16,levy,1.5,"(1024, 1024)",1024,Muon,2,1,0.40593999437987804,0.007056133063120598,0.10148499859496951,0.0017640332657801495,,
cuda:0 (NVIDIA L40S),bfloat16,levy,1.5,"(1024, 1024)",1024,Muon,2,2,0.40593999437987804,0.007056133063120598,0.10148499859496951,0.0017640332657801495,0.9804304242134094,
cuda:0 (NVIDIA L40S),bfloat16,levy,1.5,"(1024, 1024)",1024,Muon,2,3,0.40593999437987804,0.007056133063120598,0.10148499859496951,0.0017640332657801495,0.9535914659500122,
cuda:0 (NVIDIA L40S),bfloat16,levy,1.5,"(1024, 1024)",1024,Muon,3,0,0.5767475231550634,0.005754118965829178,0.14418688078876585,0.0014385297414572945,0.7748519778251648,
cuda:0 (NVIDIA L40S),bfloat16,levy,1.5,"(1024, 1024)",1024,Muon,3,1,0.5767475231550634,0.005754118965829178,0.14418688078876585,0.0014385297414572945,,
cuda:0 (NVIDIA L40S),bfloat16,levy,1.5,"(1024, 1024)",1024,Muon,3,2,0.5767475231550634,0.005754118965829178,0.14418688078876585,0.0014385297414572945,0.9012155532836914,
cuda:0 (NVIDIA L40S),bfloat16,levy,1.5,"(1024, 1024)",1024,Muon,3,3,0.5767475231550634,0.005754118965829178,0.14418688078876585,0.0014385297414572945,0.7841898798942566,
cuda:0 (NVIDIA L40S),bfloat16,levy,1.5,"(1024, 1024)",1024,Muon,4,0,0.7444274961017072,0.007680110461466954,0.1861068740254268,0.0019200276153667384,0.5281795859336853,
cuda:0 (NVIDIA L40S),bfloat16,levy,1.5,"(1024, 1024)",1024,Muon,4,1,0.7444274961017072,0.007680110461466954,0.1861068740254268,0.0019200276153667384,,
cuda:0 (NVIDIA L40S),bfloat16,levy,1.5,"(1024, 1024)",1024,Muon,4,2,0.7444274961017072,0.007680110461466954,0.1861068740254268,0.0019200276153667384,0.6550094485282898,
cuda:0 (NVIDIA L40S),bfloat16,levy,1.5,"(1024, 1024)",1024,Muon,4,3,0.7444274961017072,0.007680110461466954,0.1861068740254268,0.0019200276153667384,0.5319455862045288,
cuda:0 (NVIDIA L40S),bfloat16,levy,1.5,"(1024, 1024)",1024,Muon,5,0,0.9145027725026011,0.007846238087531612,0.2286256931256503,0.001961559521882903,0.40922465920448303,
cuda:0 (NVIDIA L40S),bfloat16,levy,1.5,"(1024, 1024)",1024,Muon,5,1,0.9145027725026011,0.007846238087531612,0.2286256931256503,0.001961559521882903,,
cuda:0 (NVIDIA L40S),bfloat16,levy,1.5,"(1024, 1024)",1024,Muon,5,2,0.9145027725026011,0.007846238087531612,0.2286256931256503,0.001961559521882903,0.4648226797580719,
cuda:0 (NVIDIA L40S),bfloat16,levy,1.5,"(1024, 1024)",1024,Muon,5,3,0.9145027725026011,0.007846238087531612,0.2286256931256503,0.001961559521882903,0.4146125316619873,
cuda:0 (NVIDIA L40S),bfloat16,levy,1.5,"(1024, 1024)",1024,Dion,1,0,0.2124949241988361,0.005469042971568568,0.05312373104970902,0.001367260742892142,0.9946915507316589,
cuda:0 (NVIDIA L40S),bfloat16,levy,1.5,"(1024, 1024)",1024,Dion,1,1,0.2124949241988361,0.005469042971568568,0.05312373104970902,0.001367260742892142,,
cuda:0 (NVIDIA L40S),bfloat16,levy,1.5,"(1024, 1024)",1024,Dion,1,2,0.2124949241988361,0.005469042971568568,0.05312373104970902,0.001367260742892142,0.9968161582946777,
cuda:0 (NVIDIA L40S),bfloat16,levy,1.5,"(1024, 1024)",1024,Dion,1,3,0.2124949241988361,0.005469042971568568,0.05312373104970902,0.001367260742892142,0.9938427805900574,
cuda:0 (NVIDIA L40S),bfloat16,levy,1.5,"(1024, 1024)",1024,Dion,2,0,0.33056747633963823,0.00513067762327396,0.08264186908490956,0.00128266940581849,0.9713609218597412,
cuda:0 (NVIDIA L40S),bfloat16,levy,1.5,"(1024, 1024)",1024,Dion,2,1,0.33056747633963823,0.00513067762327396,0.08264186908490956,0.00128266940581849,,
cuda:0 (NVIDIA L40S),bfloat16,levy,1.5,"(1024, 1024)",1024,Dion,2,2,0.33056747633963823,0.00513067762327396,0.08264186908490956,0.00128266940581849,0.9881364703178406,
cuda:0 (NVIDIA L40S),bfloat16,levy,1.5,"(1024, 1024)",1024,Dion,2,3,0.33056747633963823,0.00513067762327396,0.08264186908490956,0.00128266940581849,0.9728341698646545,
cuda:0 (NVIDIA L40S),bfloat16,levy,1.5,"(1024, 1024)",1024,Dion,3,0,0.49561000196263194,0.010408534187202598,0.12390250049065799,0.0026021335468006494,0.8315587043762207,
cuda:0 (NVIDIA L40S),bfloat16,levy,1.5,"(1024, 1024)",1024,Dion,3,1,0.49561000196263194,0.010408534187202598,0.12390250049065799,0.0026021335468006494,,
cuda:0 (NVIDIA L40S),bfloat16,levy,1.5,"(1024, 1024)",1024,Dion,3,2,0.49561000196263194,0.010408534187202598,0.12390250049065799,0.0026021335468006494,0.9322981238365173,
cuda:0 (NVIDIA L40S),bfloat16,levy,1.5,"(1024, 1024)",1024,Dion,3,3,0.49561000196263194,0.010408534187202598,0.12390250049065799,0.0026021335468006494,0.8417195081710815,
cuda:0 (NVIDIA L40S),bfloat16,levy,1.5,"(1024, 1024)",1024,Dion,4,0,0.6090027745813131,0.009216753416126029,0.15225069364532828,0.0023041883540315072,0.5195515751838684,
cuda:0 (NVIDIA L40S),bfloat16,levy,1.5,"(1024, 1024)",1024,Dion,4,1,0.6090027745813131,0.009216753416126029,0.15225069364532828,0.0023041883540315072,,
cuda:0 (NVIDIA L40S),bfloat16,levy,1.5,"(1024, 1024)",1024,Dion,4,2,0.6090027745813131,0.009216753416126029,0.15225069364532828,0.0023041883540315072,0.6833257675170898,
cuda:0 (NVIDIA L40S),bfloat16,levy,1.5,"(1024, 1024)",1024,Dion,4,3,0.6090027745813131,0.009216753416126029,0.15225069364532828,0.0023041883540315072,0.5281310677528381,
cuda:0 (NVIDIA L40S),bfloat16,levy,1.5,"(1024, 1024)",1024,Dion,5,0,0.6986049120314419,0.005739242440272833,0.17465122800786048,0.0014348106100682083,0.2731156349182129,
cuda:0 (NVIDIA L40S),bfloat16,levy,1.5,"(1024, 1024)",1024,Dion,5,1,0.6986049120314419,0.005739242440272833,0.17465122800786048,0.0014348106100682083,,
cuda:0 (NVIDIA L40S),bfloat16,levy,1.5,"(1024, 1024)",1024,Dion,5,2,0.6986049120314419,0.005739242440272833,0.17465122800786048,0.0014348106100682083,0.38004982471466064,
cuda:0 (NVIDIA L40S),bfloat16,levy,1.5,"(1024, 1024)",1024,Dion,5,3,0.6986049120314419,0.005739242440272833,0.17465122800786048,0.0014348106100682083,0.2786146402359009,
cuda:0 (NVIDIA L40S),bfloat16,levy,1.5,"(1024, 1024)",1024,AOLxDion,1,0,0.1619824906811118,0.005453013291213206,0.04049562267027795,0.0013632533228033015,0.7604937553405762,
cuda:0 (NVIDIA L40S),bfloat16,levy,1.5,"(1024, 1024)",1024,AOLxDion,1,1,0.1619824906811118,0.005453013291213206,0.04049562267027795,0.0013632533228033015,,
cuda:0 (NVIDIA L40S),bfloat16,levy,1.5,"(1024, 1024)",1024,AOLxDion,1,2,0.1619824906811118,0.005453013291213206,0.04049562267027795,0.0013632533228033015,0.7776503562927246,
cuda:0 (NVIDIA L40S),bfloat16,levy,1.5,"(1024, 1024)",1024,AOLxDion,1,3,0.1619824906811118,0.005453013291213206,0.04049562267027795,0.0013632533228033015,0.7651652097702026,
cuda:0 (NVIDIA L40S),bfloat16,levy,1.5,"(1024, 1024)",1024,AOLxDion,2,0,0.2709999680519104,0.0037364042035095382,0.0677499920129776,0.0009341010508773846,0.5098575949668884,
cuda:0 (NVIDIA L40S),bfloat16,levy,1.5,"(1024, 1024)",1024,AOLxDion,2,1,0.2709999680519104,0.0037364042035095382,0.0677499920129776,0.0009341010508773846,,
cuda:0 (NVIDIA L40S),bfloat16,levy,1.5,"(1024, 1024)",1024,AOLxDion,2,2,0.2709999680519104,0.0037364042035095382,0.0677499920129776,0.0009341010508773846,0.5240408778190613,
cuda:0 (NVIDIA L40S),bfloat16,levy,1.5,"(1024, 1024)",1024,AOLxDion,2,3,0.2709999680519104,0.0037364042035095382,0.0677499920129776,0.0009341010508773846,0.5137032866477966,
cuda:0 (NVIDIA L40S),bfloat16,levy,1.5,"(1024, 1024)",1024,AOLxDion,3,0,0.3835750394500792,0.005663835995853072,0.0958937598625198,0.001415958998963268,0.2774338722229004,
cuda:0 (NVIDIA L40S),bfloat16,levy,1.5,"(1024, 1024)",1024,AOLxDion,3,1,0.3835750394500792,0.005663835995853072,0.0958937598625198,0.001415958998963268,,
cuda:0 (NVIDIA L40S),bfloat16,levy,1.5,"(1024, 1024)",1024,AOLxDion,3,2,0.3835750394500792,0.005663835995853072,0.0958937598625198,0.001415958998963268,0.286255806684494,
cuda:0 (NVIDIA L40S),bfloat16,levy,1.5,"(1024, 1024)",1024,AOLxDion,3,3,0.3835750394500792,0.005663835995853072,0.0958937598625198,0.001415958998963268,0.280094712972641,
cuda:0 (NVIDIA L40S),bfloat16,levy,1.5,"(1024, 1024)",1024,AOLxDion,4,0,0.4875374725088477,0.004525246629560313,0.12188436812721193,0.0011313116573900782,0.14482055604457855,
cuda:0 (NVIDIA L40S),bfloat16,levy,1.5,"(1024, 1024)",1024,AOLxDion,4,1,0.4875374725088477,0.004525246629560313,0.12188436812721193,0.0011313116573900782,,
cuda:0 (NVIDIA L40S),bfloat16,levy,1.5,"(1024, 1024)",1024,AOLxDion,4,2,0.4875374725088477,0.004525246629560313,0.12188436812721193,0.0011313116573900782,0.14852666854858398,
cuda:0 (NVIDIA L40S),bfloat16,levy,1.5,"(1024, 1024)",1024,AOLxDion,4,3,0.4875374725088477,0.004525246629560313,0.12188436812721193,0.0011313116573900782,0.1427442729473114,
cuda:0 (NVIDIA L40S),bfloat16,levy,1.5,"(1024, 1024)",1024,AOLxDion,5,0,0.6011599907651544,0.00675492893562301,0.1502899976912886,0.0016887322339057525,0.07990939915180206,
cuda:0 (NVIDIA L40S),bfloat16,levy,1.5,"(1024, 1024)",1024,AOLxDion,5,1,0.6011599907651544,0.00675492893562301,0.1502899976912886,0.0016887322339057525,,
cuda:0 (NVIDIA L40S),bfloat16,levy,1.5,"(1024, 1024)",1024,AOLxDion,5,2,0.6011599907651544,0.00675492893562301,0.1502899976912886,0.0016887322339057525,0.07791223376989365,
cuda:0 (NVIDIA L40S),bfloat16,levy,1.5,"(1024, 1024)",1024,AOLxDion,5,3,0.6011599907651544,0.00675492893562301,0.1502899976912886,0.0016887322339057525,0.08100104331970215,
